x1,x2,x3,f1,f2
-1.0530397535995686,-1.3035943028251582,2.261654093295136,-13.085055478280083,-8.598281189869876
-1.1411251840927705,-1.165819448240624,-0.663302833936827,-14.86318171042062,-8.458040717545066
0.06618790789241985,-1.169671278951643,-1.164813278657876,-15.09936008797464,-7.61883651626632
-1.3563094698172886,-0.4550125130042749,-0.9846057500594182,-15.561575990211798,-4.76634376973327
-0.12296281166867665,-0.7572357495643209,-1.3151167866821785,-15.959835279432397,-3.692331811027379
-1.085702126148906,-0.27494383996108307,-0.5172102157226858,-16.887713376407902,-3.5691840958010257
-0.06338256170160819,-0.2583549971837147,-1.1193527877765361,-17.429145916383753,-3.473736451589921
-0.2950051486118135,-0.27718738211452043,-0.7387239408307956,-17.762489446934453,-0.6766238991685645
0.27706804077257596,-0.4989193544294209,0.29404114440423346,-17.827666566106217,0.921189340949232
0.5123965434396197,-0.32044552302326856,0.27747114780083376,-18.048674146808185,1.9595639145598516
-3.7373148033363117,-2.414455884007915,-1.9458035380946332,-9.485501203489278,-7.481942839214987
1.6806707609308615,-1.013670114257775,-2.9522989416969123,-12.10978768791846,-7.2315533601187685
-1.137014928857494,-1.2838145414093658,0.02853088542592235,-14.831507915041744,-6.862153876716747
-1.4289793979315446,-0.35636933155595774,-1.072664776824801,-15.42535346823331,-3.2282951257821075
0.07637080991271275,-0.5922435933588022,-1.3001253914318533,-16.388900953437446,-3.0593588483556236
0.03758950063145013,-0.4668505099087714,-1.2825062550081,-16.71699200150207,-2.963113675587447
-0.09546166677825538,-0.7085369887682987,0.2107880835765168,-17.293291545240315,-0.49918593477827605
-0.6865969854113148,0.39390674350515087,-0.26251109462904165,-17.63252582121174,0.1825354998702765
-0.15640962824800064,-0.48863917172548865,0.4548388520482529,-17.77492399552871,1.1916433725919866
0.4445466371522907,-0.44084883396409363,0.29137504343304854,-17.820128621581468,1.5494927225404038
-1.183594478828745,-1.3147055686324738,0.023501434135211163,-14.70770799886564,-6.361110578044079
-1.3129836597969675,-0.12413838807666866,1.7094129499127764,-14.779441649704578,-5.69137591307325
-1.15026052245231,-1.0563569412696427,0.9143817783756247,-14.87945885425151,-3.059574059992884
-1.9398686018630276,-0.46731285170371273,0.024636503492733386,-15.815959598445922,-2.4663452919641577
-1.2251038498573887,-0.20398439910627242,0.6024803445768491,-16.605967924761394,-1.6558528904188181
0.27504846008938344,-0.5902015862957413,0.27530436086534404,-17.55769819603482,0.5558679381423268
0.7169855264311966,0.0900529670106972,-0.5322786778277275,-17.63090205581214,2.5698207027715005
0.9089070104927301,0.289399914709644,0.14415716413744345,-17.637026525079257,5.057136321840641
-1.0481921526888238,-1.1114942124754879,2.811084962385986,-12.830223138937567,-6.160976059998577
2.1904663600410577,0.1755065630957423,-1.240297041569116,-14.2274797874845,-5.804724446684581
1.6507407876846574,0.8025574638518542,-1.1737711229335355,-14.452196568217392,-3.9406094519401575
1.6994829400406282,-0.020936291241152927,-1.415979537329259,-14.651744358453383,-3.49934575554012
-0.5644526681927056,0.41590738216541867,2.2400680266625086,-15.031843654359749,-2.3508821590215403
-0.5439446205248132,0.20056941428002092,2.285508184985666,-15.225254351524608,-0.8699445443712239
-0.13740467802765377,-1.2425558485484185,0.7363848582053362,-15.278869617731866,-0.592968946323456
-0.5918280778104626,-0.21694527977309996,-1.4128428063432852,-16.32907762643257,-0.3892355699388721
-0.2450015029799045,-0.3875626103890429,-1.4306188351330027,-16.558395085886957,0.7005194429834039
0.46060102833418376,-0.6580482639123861,0.24841072035293946,-17.203649667455124,0.7404337279143712
0.4663789449357841,-0.5457980248350951,0.3408615083779548,-17.454876445377216,1.4769607495778172
-2.9676948668801852,-3.7337742768704585,3.806219468304434,-7.294919341762348,-5.865558245486655
4.6123838027438415,-1.0301736064233131,-4.003009747807289,-8.260953358549662,-5.1728904120796235
2.551051441288392,-0.5690985717451236,2.2057506440362147,-12.269562816921088,-5.005717269306951
0.11975012274936386,2.193379393495879,1.5572068323241146,-12.28389888136131,-3.988813716350278
-1.076425343570246,-1.4413797333786273,2.1474609878666207,-12.93967847679479,-3.531431442104866
-1.974702819862227,-0.5673318835504156,1.8117735056074935,-13.471055365207864,-3.5299232704604346
0.22346205109993125,-0.15329716686662648,-3.391733181589658,-14.543486400442369,-1.6231334250414013
-1.5000137298746261,-0.9902824625020445,-0.01832559863173583,-15.183328168019042,-0.5545597766910888
0.3858095615077659,-0.6800408557529933,-1.414987603386229,-15.857719048436135,-0.2564985231062151
0.8429697583263364,-0.7091475336005834,-0.8631559148643769,-16.020422624849438,0.596057354516764
-0.16086934559389054,0.42680554469468,-1.4134153850015791,-16.57129558268666,0.8612108673262706
0.5368101000785828,0.6395214796066284,-0.7000800967216492,-16.7346237015787,2.4402615194675636
0.1638106405735016,0.7837473154067993,0.15103726089000702,-17.044834161360967,3.6329532131511733
1.0530546974026864,0.22681639697787181,0.21677897166205998,-17.4536420640998,6.350352023607747
4.088226334646684,-0.8263716604721,2.5973933226448054,-10.139922956293837,-4.9742265288591865
-3.231137570281765,0.04291666127202953,-1.9643377057061548,-11.990439140331308,-4.128399464697662
-0.8545059420647662,2.102563888997633,1.6977659900128177,-12.176010384562758,-2.9708226715008044
-3.006577962466889,-1.3978472305318388,-0.288382638733432,-12.669075666325991,-2.472184275462795
-0.005780312335403659,2.1902117220376778,0.13594721708439678,-12.900521616124283,-2.3101060755777607
0.29701926772552323,-0.11410591753853172,-3.385396400607472,-14.462493991157075,-1.1263680763516017
-2.352860755735834,-0.5260457951228412,-0.07755729162702463,-15.16542864893507,-0.23239925631666195
1.5121188163757324,0.6061986088752747,-0.49412164092063904,-15.771396572523322,1.5807126694643268
0.3863138557885975,0.9591917096536428,-0.9426551840644554,-15.773366602472922,2.822750429534272
0.0945974077463887,0.7964969119072655,-0.2611865593850775,-16.974403814075128,3.662328835428822
-3.218512990957818,-3.025622480177823,3.8043380027786533,-7.916089824957705,-4.51573548574022
2.2931467541793626,-1.2602561537630084,5.0,-9.490978898325455,-3.285067023212079
-1.9431573589854532,0.4135500655381902,4.186469197720944,-11.032284912429553,-3.149976989993135
-3.42341695314896,-0.1492568846803919,-2.045698617371752,-11.674214157756229,-2.4435571443986897
1.5864102326089207,-0.7957387416942395,-2.9357386248307877,-12.454589369786387,-2.3686251364152424
-0.9571212586834434,-1.3648658473387534,0.8218666464951604,-14.436169244302292,-0.92456914945905
-1.3563023743196827,-0.9452540380256451,0.9865703359135622,-14.793562717949605,0.567107955102176
1.7325870742511658,0.8776083362113118,0.3666156073512681,-15.048930905814487,1.8605715843724886
1.75252366065979,0.8029273152351379,0.5232701897621155,-15.056564449971354,2.2707249536544336
-1.626014017141032,0.2685498052094255,-1.1524974365899803,-15.084536220664845,2.624684607871857
-0.611701589882009,0.5516667752395803,-1.515786293884882,-15.723663785106638,4.0646739292822325
-0.358862494417052,-0.6227169771935537,0.9266529089298392,-16.659921554477183,4.211080197671123
1.007056363400602,0.43048048895785906,-0.49973203186398796,-16.797032777570735,6.129322420752248
1.2826157808303833,0.13747720420360565,0.43039458990097046,-16.861999727291682,6.63591731882852
1.6901686383918388,4.711231414133355,0.11232002423111265,-7.571415368641001,-3.7140590668329683
-0.5032817342264355,-3.4318011926956036,-1.0675342145275557,-9.870588011568403,-3.067227505377594
-1.8929492141264295,-1.0988660000552324,4.702500938452634,-10.261476036288222,-2.608263842881742
-3.718351915685023,-0.2562142816710269,1.7982740195430862,-11.699152940347101,-2.09787144839113
0.445046991109848,2.1322829723358154,1.6094729900360107,-12.32923057336231,-1.354155976451647
0.10294033586978912,1.7871434688568115,0.08383944630622864,-13.982559619483862,-0.8208043993715135
-1.5610463890350883,-0.7343302092515815,1.6567798592001746,-14.04173134634413,-0.07883132033230744
-1.8493845429397942,-1.089460467505631,0.6894916449490898,-14.23675866246327,0.03977705327485648
-1.1957626453388959,0.112379350855275,2.071851832798301,-14.468193805393241,0.7069011672029415
-1.0510478612633132,-0.056663221195407676,2.0662328220002584,-14.715634388356715,1.1783289984501808
-2.509526823127034,-0.5130511189765663,-0.03636936735484896,-15.013702003928707,2.552168318145618
1.8041930198669434,0.7969539165496826,-0.5125218629837036,-15.014019878619568,2.781614957521823
0.04132098359095582,1.3631091123697052,-0.500761228724501,-15.092226460583696,4.168168159162893
0.17010825872421265,0.39616522192955017,1.4007863998413086,-16.647911871929242,4.2786102691992065
1.1676284074783325,0.28833407163619995,-0.5781327486038208,-16.64993144188359,6.305407492267612
2.554570446626523,-0.6532678773806604,2.6569731222930537,-11.687192406115194,-0.9279723306976868
-0.5834403444331933,-1.244977952472787,1.9149689741686042,-13.928813949801413,1.2236097476611558
1.0337523539441897,-0.6570615162300973,0.32174693026213985,-16.466003486287523,5.3789688303172305
0.013045029537089914,-0.19467961266121947,1.8958326758238633,-16.447966633392184,4.463454284576048
1.826989790481551,1.5157852588580654,0.2527773057205977,-13.57417303169014,0.8361455528149861
-0.7893424643004342,-2.670057468361472,-2.695139084111363,-10.412525884128064,-1.3774725766517868
-3.2212203688877663,-0.7983938961685935,2.3289718241390056,-11.260785101533642,-1.2832432933981366
-0.9075105786323547,1.6274871826171875,1.2586760520935059,-13.51550547276829,0.16174868053235958
